,tourist_arrivals,tourism_expenditure_usd_millions,ttdi_score,attractiveness_index,affordability_index,air_quality_index,risk_score,heritage_sites
tourist_arrivals,1.0,0.6423400605317324,0.3902043546429675,0.39020435464296777,-0.08823717178624617,0.10248100191939993,,0.08013413384749005
tourism_expenditure_usd_millions,0.6423400605317324,1.0,0.4836068532933334,0.48360685329333347,-0.10152382758145195,0.0027088077458886023,,0.10222933521935372
ttdi_score,0.3902043546429675,0.4836068532933334,1.0,0.9999999999999994,-0.22123282650993645,0.21247995143581103,,-0.027383622046730442
attractiveness_index,0.39020435464296777,0.48360685329333347,0.9999999999999994,1.0,-0.22123282650993686,0.21247995143581164,,-0.027383622046730043
affordability_index,-0.08823717178624617,-0.10152382758145195,-0.22123282650993645,-0.22123282650993686,1.0,-0.21902477849616023,,-0.013226798519028696
air_quality_index,0.10248100191939993,0.0027088077458886023,0.21247995143581103,0.21247995143581164,-0.21902477849616023,1.0,,0.11069032695706074
risk_score,,,,,,,,
heritage_sites,0.08013413384749005,0.10222933521935372,-0.027383622046730442,-0.027383622046730043,-0.013226798519028696,0.11069032695706074,,1.0
